caso,id,a,b,beta,x0,t,A_max_abs_u
2,a0_b0_beta200_x00,0,0,200,0,0.2,0.4997740505922322
2,a0_b0_beta200_x00,0,0,200,0,0.4,0.4983528554185805
2,a0_b0_beta200_x00,0,0,200,0,0.6,0.4967203734116646
2,a0_b0_beta200_x00,0,0,200,0,0.8,0.4948961997250976
2,a0p5_b0_beta200_x00,0.5,0,200,0,0.2,0.479395029768898
2,a0p5_b0_beta200_x00,0.5,0,200,0,0.4,0.4547829553671558
2,a0p5_b0_beta200_x00,0.5,0,200,0,0.6,0.4312511192137565
2,a0p5_b0_beta200_x00,0.5,0,200,0,0.8,0.4087795823085291
2,a1_b0_beta200_x00,1,0,200,0,0.2,0.4599577664316868
2,a1_b0_beta200_x00,1,0,200,0,0.4,0.4152384371712287
2,a1_b0_beta200_x00,1,0,200,0,0.6,0.3747107376727834
2,a1_b0_beta200_x00,1,0,200,0,0.8,0.338014704494944
2,a2_b0_beta200_x00,2,0,200,0,0.2,0.4237192712521984
2,a2_b0_beta200_x00,2,0,200,0,0.4,0.3467024087383517
2,a2_b0_beta200_x00,2,0,200,0,0.6,0.2835716362837513
2,a2_b0_beta200_x00,2,0,200,0,0.8,0.2318563363360456
3,a0_b0_beta200_x00,0,0,200,0,0.2,0.4997740505922322
3,a0_b0_beta200_x00,0,0,200,0,0.4,0.4983528554185805
3,a0_b0_beta200_x00,0,0,200,0,0.6,0.4967203734116646
3,a0_b0_beta200_x00,0,0,200,0,0.8,0.4948961997250976
3,a0_b0p5_beta200_x00,0,0.5,200,0,0.2,0.5004788415426961
3,a0_b0p5_beta200_x00,0,0.5,200,0,0.4,0.4997744823153957
3,a0_b0p5_beta200_x00,0,0.5,200,0,0.6,0.4988566410655754
3,a0_b0p5_beta200_x00,0,0.5,200,0,0.8,0.4977509199528031
3,a0_b1_beta200_x00,0,1,200,0,0.2,0.5011841398862518
3,a0_b1_beta200_x00,0,1,200,0,0.4,0.5011983441408565
3,a0_b1_beta200_x00,0,1,200,0,0.6,0.5009978609674908
3,a0_b1_beta200_x00,0,1,200,0,0.8,0.5006140115419095
4,a1_b1_beta200_x00,1,1,200,0,0.2,0.4612527007584545
4,a1_b1_beta200_x00,1,1,200,0,0.4,0.4176049693566534
4,a1_b1_beta200_x00,1,1,200,0,0.6,0.3779312957267577
4,a1_b1_beta200_x00,1,1,200,0,0.8,0.3419059221351803
5,a1_bm1_beta200_x00,1,-1,200,0,0.2,0.4586647520835353
5,a1_bm1_beta200_x00,1,-1,200,0,0.4,0.4128794606658609
5,a1_bm1_beta200_x00,1,-1,200,0,0.6,0.3715060286849282
5,a1_bm1_beta200_x00,1,-1,200,0,0.8,0.3341431435002145
6,a0p5_bm1_beta25_x00p5,0.5,-1,25,0.5,0.2,0.4826360960041037
6,a0p5_bm1_beta25_x00p5,0.5,-1,25,0.5,0.4,0.4554044485757084
6,a0p5_bm1_beta25_x00p5,0.5,-1,25,0.5,0.6,0.4296609190560949
6,a0p5_bm1_beta25_x00p5,0.5,-1,25,0.5,0.8,0.4053632388742698
7,a1_bm1_beta25_x00,1,-1,25,0,0.2,0.4700135479203486
7,a1_bm1_beta25_x00,1,-1,25,0,0.4,0.4225103287481091
7,a1_bm1_beta25_x00,1,-1,25,0,0.6,0.379772199234421
7,a1_bm1_beta25_x00,1,-1,25,0,0.8,0.341350319793485
7,a1_bm1_beta50_x00,1,-1,50,0,0.2,0.4651109061596284
7,a1_bm1_beta50_x00,1,-1,50,0,0.4,0.4188034359556934
7,a1_bm1_beta50_x00,1,-1,50,0,0.6,0.3771025591441915
7,a1_bm1_beta50_x00,1,-1,50,0,0.8,0.339551257357723
7,a1_bm1_beta100_x00,1,-1,100,0,0.2,0.461566819747159
7,a1_bm1_beta100_x00,1,-1,100,0,0.4,0.4159370641705852
7,a1_bm1_beta100_x00,1,-1,100,0,0.6,0.3748506604571263
7,a1_bm1_beta100_x00,1,-1,100,0,0.8,0.3378287750812821
7,a1_bm1_beta200_x00,1,-1,200,0,0.2,0.4586647520835353
7,a1_bm1_beta200_x00,1,-1,200,0,0.4,0.4128794606658609
7,a1_bm1_beta200_x00,1,-1,200,0,0.6,0.3715060286849282
7,a1_bm1_beta200_x00,1,-1,200,0,0.8,0.3341431435002145
8,a0_bm1_beta200_x00,0,-1,200,0,0.2,0.4983659589694122
8,a0_bm1_beta200_x00,0,-1,200,0,0.4,0.4955162679572766
8,a0_bm1_beta200_x00,0,-1,200,0,0.6,0.4924631106410658
8,a0_bm1_beta200_x00,0,-1,200,0,0.8,0.4892159036154984
8,a0_b0_beta200_x00,0,0,200,0,0.2,0.4997740505922322
8,a0_b0_beta200_x00,0,0,200,0,0.4,0.4983528554185805
8,a0_b0_beta200_x00,0,0,200,0,0.6,0.4967203734116646
8,a0_b0_beta200_x00,0,0,200,0,0.8,0.4948961997250976
8,a0_b1_beta200_x00,0,1,200,0,0.2,0.5011841398862518
8,a0_b1_beta200_x00,0,1,200,0,0.4,0.5011983441408565
8,a0_b1_beta200_x00,0,1,200,0,0.6,0.5009978609674908
8,a0_b1_beta200_x00,0,1,200,0,0.8,0.5006140115419095
8,a1_bm1_beta200_x00,1,-1,200,0,0.2,0.4586647520835353
8,a1_bm1_beta200_x00,1,-1,200,0,0.4,0.4128794606658609
8,a1_bm1_beta200_x00,1,-1,200,0,0.6,0.3715060286849282
8,a1_bm1_beta200_x00,1,-1,200,0,0.8,0.3341431435002145
8,a1_b0_beta200_x00,1,0,200,0,0.2,0.4599577664316868
8,a1_b0_beta200_x00,1,0,200,0,0.4,0.4152384371712287
8,a1_b0_beta200_x00,1,0,200,0,0.6,0.3747107376727834
8,a1_b0_beta200_x00,1,0,200,0,0.8,0.338014704494944
8,a1_b1_beta200_x00,1,1,200,0,0.2,0.4612527007584545
8,a1_b1_beta200_x00,1,1,200,0,0.4,0.4176049693566534
8,a1_b1_beta200_x00,1,1,200,0,0.6,0.3779312957267577
8,a1_b1_beta200_x00,1,1,200,0,0.8,0.3419059221351803
8,a2_bm1_beta200_x00,2,-1,200,0,0.2,0.4225314983347307
8,a2_bm1_beta200_x00,2,-1,200,0,0.4,0.3447388157799712
8,a2_bm1_beta200_x00,2,-1,200,0,0.6,0.2811551277458857
8,a2_bm1_beta200_x00,2,-1,200,0,0.8,0.2292171306148715
8,a2_b0_beta200_x00,2,0,200,0,0.2,0.4237192712521984
8,a2_b0_beta200_x00,2,0,200,0,0.4,0.3467024087383517
8,a2_b0_beta200_x00,2,0,200,0,0.6,0.2835716362837513
8,a2_b0_beta200_x00,2,0,200,0,0.8,0.2318563363360456
8,a2_b1_beta200_x00,2,1,200,0,0.2,0.4249087627440219
8,a2_b1_beta200_x00,2,1,200,0,0.4,0.3486723250541587
8,a2_b1_beta200_x00,2,1,200,0,0.6,0.2860000144793608
8,a2_b1_beta200_x00,2,1,200,0,0.8,0.2345129870738435
